{
    "woe_log": {
        "qtd_restritivos": {
            "0": 0.04892798105590979,
            "1": -0.08860049421347437,
            "2": -3.6418585954217595,
            "3": -3.0824829323524208,
            "4": -3.422334413431806
        },
        "verificacao_fonte_de_renda": {
            "Not Verified": 0.027837704794385305,
            "Source Verified": -0.018030395933120336,
            "Verified": 0.00826052496589308
        },
        "qtd_atrasos_ultimos_2a": {
            "0": 0.08399230285346074,
            "1": 0.09174012219603724,
            "2": -0.979008217967101,
            "3": -1.2139979987465952,
            "4": -1.062093669545711,
            "5": -1.0763923939458575,
            "6": -1.1645888017664603,
            "7": -1.1272256373540837,
            "8": -0.9523947522892865
        },
        "qtd_consultas_ultimos_6m": {
            "0": -7.365531365090996e-06,
            "1": 0.00595288743585519,
            "2": -0.01461572717936426,
            "3": 0.08009058371801164,
            "4": -0.35570946771023887,
            "5": 0.14608674933635743
        }
    },
    "iv_log": {
        "qtd_restritivos": 0.13869628711700277,
        "verificacao_fonte_de_renda": 0.00036439146535304206,
        "qtd_atrasos_ultimos_2a": 0.08807271435917804,
        "qtd_consultas_ultimos_6m": 0.00015653917983845833
    }
}